,City,Cloudiness,Country,Date,Humidity,Lat,Lng,Max Temp,Wind Speed
0,Puerto Ayora,20,EC,1584796244,94,-0.74,-90.35,78.01,5.82
1,Necochea,0,AR,1584796538,69,-38.55,-58.74,73.0,10.0
2,Constitución,100,CL,1584796252,81,-35.33,-72.42,55.31,10.13
3,Ushuaia,100,AR,1584796206,87,-54.8,-68.3,42.8,4.7
4,Hilo,90,US,1584796245,83,19.73,-155.09,71.6,6.93
5,Santa Maria,20,BR,1584796212,77,-29.68,-53.81,69.8,3.36
6,Kapaa,90,US,1584796233,88,22.08,-159.32,75.2,5.82
7,Rabo de Peixe,75,PT,1584796606,71,37.8,-25.58,57.2,17.22
8,Ahipara,91,NZ,1584796222,85,-35.17,173.17,67.01,10.94
9,Bluff,91,NZ,1584796196,95,-46.6,168.33,51.01,1.01
10,Mahébourg,40,MU,1584796197,61,-20.41,57.7,82.4,6.93
11,Tezpur,73,IN,1584796607,35,26.63,92.8,78.35,3.87
12,Torbay,90,CA,1584796248,100,47.67,-52.73,43.0,31.09
13,Portland,1,US,1584796598,75,45.52,-122.68,43.0,1.32
14,Qaanaaq,29,GL,1584796224,59,77.48,-69.36,-10.21,5.06
15,Berlevåg,100,NO,1584796609,69,70.86,29.09,32.99,25.84
16,Hermanus,0,ZA,1584796214,67,-34.42,19.23,80.01,5.01
17,Beloha,55,MG,1584796314,45,-25.17,45.05,88.61,5.57
18,Rovaniemi,0,FI,1584796610,42,66.5,25.72,26.6,9.17
19,Arraial do Cabo,75,BR,1584796306,83,-22.97,-42.03,75.2,6.93
20,Ribeira Grande,40,PT,1584796264,54,38.52,-28.7,59.0,19.46
21,Yellowknife,90,CA,1584796098,73,62.46,-114.35,19.99,5.82
22,Busselton,28,AU,1584796222,45,-33.65,115.33,66.0,18.72
23,Saint-Philippe,20,RE,1584796272,65,-21.36,55.77,80.6,23.04
24,‘Āhuimanu,1,US,1584796612,83,21.44,-157.84,75.2,2.64
25,Tuktoyaktuk,97,CA,1584796261,81,69.45,-133.04,23.27,17.29
26,Mataura,65,NZ,1584796197,95,-46.19,168.86,51.01,1.01
27,Albany,40,US,1584795944,47,42.6,-73.97,37.4,13.87
28,Maiduguri,6,NG,1584796614,6,11.85,13.16,103.55,8.9
29,Tilichiki,100,RU,1584796271,92,60.47,166.1,12.83,8.12
30,Rikitea,51,PF,1584796190,80,-23.12,-134.97,78.35,11.9
31,Dakar,97,SN,1584796156,17,14.69,-17.44,91.4,10.29
32,Carballo,75,ES,1584796616,82,43.21,-8.69,59.0,5.82
33,Imbituba,0,BR,1584796229,56,-28.24,-48.67,73.4,3.36
34,Wadi Maliz,40,TN,1584796616,87,36.47,8.55,55.4,9.17
35,Cherskiy,0,RU,1584796305,83,68.75,161.3,-8.59,9.53
36,Hong Kong,40,HK,1584796176,88,22.29,114.16,75.99,10.29
37,Port Alfred,0,ZA,1584796247,79,-33.59,26.89,73.0,1.99
38,George Town,20,MY,1584796279,58,5.41,100.34,86.0,3.36
39,Jinan,100,CN,1584796619,45,36.67,117.0,60.01,1.01
40,Lavrentiya,6,RU,1584796360,85,65.58,-171.0,14.09,8.48
41,Geraldton,0,AU,1584796322,83,-28.77,114.6,73.4,8.05
42,North Battleford,1,CA,1584796400,92,52.78,-108.28,10.99,10.29
43,Clyde River,90,CA,1584796620,70,70.47,-68.59,-5.8,4.7
44,Mīzan Teferī,98,ET,1584796621,42,6.98,35.58,84.47,3.47
45,Nara,0,JP,1584796621,66,34.69,135.8,55.4,4.7
46,Neyshabur,52,IR,1584796622,30,36.21,58.8,66.29,15.86
47,Alice Springs,0,AU,1584796212,29,-23.7,133.88,78.8,4.7
48,North Platte,1,US,1584796425,73,41.12,-100.77,19.4,11.41
49,Nemuro,32,JP,1584796623,74,43.32,145.57,35.51,9.53
50,Kalemie,58,CD,1584796613,67,-5.95,29.19,78.71,9.42
51,Ostashkov,100,RU,1584796624,49,57.15,33.11,31.19,9.15
52,Jamestown,90,US,1584796004,68,42.1,-79.24,28.99,8.05
53,Severo-Kuril'sk,100,RU,1584796204,96,50.68,156.12,26.87,32.23
54,Carnarvon,9,AU,1584796200,78,-24.87,113.63,80.6,18.34
55,Ponta do Sol,40,PT,1584796287,45,32.67,-17.1,62.6,12.75
56,Manadhoo,79,MV,1584796626,67,5.77,73.38,84.47,6.11
57,Spartanburg,1,US,1584796626,93,34.95,-81.93,64.4,0.07
58,Bredasdorp,43,ZA,1584796231,39,-34.53,20.04,78.8,10.29
59,Kattivākkam,0,IN,1584796296,74,13.22,80.32,86.0,9.17
60,Talara,47,PE,1584796358,86,-4.58,-81.27,76.55,5.55
61,Itarema,100,BR,1584796628,81,-2.92,-39.92,82.31,1.07
62,Lorengau,74,PG,1584796202,69,-2.02,147.27,85.01,7.18
63,Lubango,90,AO,1584796629,82,-14.92,13.49,73.4,9.17
64,Cape Town,20,ZA,1584796013,56,-33.93,18.42,80.01,18.34
65,Caravelas,100,BR,1584796629,82,-17.71,-39.25,81.77,14.29
66,Batagay-Alyta,75,RU,1584796307,75,67.8,130.41,-9.85,3.0
67,Springdale,1,US,1584796630,89,36.19,-94.13,32.0,6.93
68,Vestmannaeyjar,20,IS,1584796630,74,63.44,-20.27,35.6,16.11
69,Sitka,90,US,1584796254,93,57.05,-135.33,37.4,3.91
70,Pacific Grove,90,US,1584796362,100,36.62,-121.92,51.01,14.47
71,Khovd,0,MN,1584796266,43,48.01,91.64,35.69,1.81
72,Moose Factory,1,CA,1584796632,69,51.26,-80.61,-9.4,6.93
73,Pisco,39,PE,1584796320,30,-13.7,-76.22,73.0,3.36
74,Port Blair,1,IN,1584796072,68,11.67,92.75,82.13,7.09
75,Grosuplje,20,SI,1584796633,39,45.96,14.66,64.4,4.7
76,Umluj,0,SA,1584796633,43,25.02,37.27,69.17,17.83
77,Sinnamary,37,GF,1584796197,78,5.38,-52.95,79.79,15.3
78,Helong,46,CN,1584796634,77,42.54,129.0,24.89,4.56
79,Avarua,100,CK,1584796271,83,-21.21,-159.78,78.8,5.82
80,Betong,86,TH,1584796635,69,5.77,101.07,76.19,3.24
81,Bratsk,40,RU,1584796635,91,56.13,101.61,32.0,15.66
82,Yulara,0,AU,1584796636,18,-25.24,130.99,91.4,12.75
83,Barrow,90,US,1584796219,84,71.29,-156.79,6.8,6.93
84,Khatanga,54,RU,1584796202,75,71.97,102.5,-1.21,10.29
85,Bambous Virieux,40,MU,1584796274,61,-20.34,57.76,82.4,6.93
86,Banda Aceh,52,ID,1584796637,68,5.56,95.32,78.71,4.61
87,Georgiyevka,75,KZ,1584796637,87,43.04,74.71,51.8,8.95
88,Miguelópolis,75,BR,1584796638,83,-20.18,-48.03,75.2,8.05
89,Luleå,0,SE,1584796571,71,65.58,22.15,32.0,4.7
90,Punta Arenas,90,CL,1584796224,86,-53.15,-70.92,41.0,5.82
91,Uíge,40,AO,1584796639,57,-7.61,15.06,80.6,6.93
92,Volkhov,75,RU,1584796639,23,59.93,32.34,30.99,10.38
93,Kashgar,75,CN,1584796538,13,39.45,75.98,62.6,2.24
94,Faanui,63,PF,1584796205,71,-16.48,-151.75,83.39,8.57
95,Grabouw,20,ZA,1584796640,56,-34.15,19.02,80.01,20.8
96,Upernavik,100,GL,1584796239,96,72.79,-56.15,-2.11,3.71
97,Pevek,19,RU,1584796232,87,69.7,170.31,-13.45,7.16
98,Tiksi,92,RU,1584796291,87,71.69,128.87,-9.85,12.03
99,Zarya,99,RU,1584796642,40,55.76,38.1,35.6,13.42
100,Tortolì,75,IT,1584796642,68,39.93,9.66,64.4,6.93
101,Libreville,20,GA,1584796625,66,0.39,9.45,87.8,5.82
102,Omsukchan,98,RU,1584796643,83,62.53,155.8,0.23,3.69
103,Marawi,88,PH,1584796644,85,8.0,124.29,79.0,3.0
104,Port Macquarie,55,AU,1584796644,83,-31.43,152.92,71.6,7.45
105,Hithadhoo,44,MV,1584796227,64,-0.6,73.08,84.83,3.98
106,Tabory,67,RU,1584796645,79,58.52,64.55,29.57,10.67
107,Ajdabiya,8,LY,1584796645,51,30.76,20.23,64.49,8.77
108,Shakawe,0,BW,1584796645,40,-18.37,21.85,87.17,8.66
109,Bad Dürkheim,75,DE,1584796646,81,49.47,8.17,46.99,10.29
110,Souillac,40,MU,1584796225,61,-20.52,57.52,82.4,6.93
111,Shunyi,1,CN,1584796646,29,40.12,116.65,62.01,4.47
112,Ipilan,14,PH,1584796647,87,8.84,117.9,76.37,4.0
113,Kruisfontein,0,ZA,1584796260,64,-34.0,24.73,71.69,11.5
114,Katsuura,0,JP,1584796363,51,35.13,140.3,60.8,6.93
115,Sonoita,45,MX,1584796648,62,31.85,-112.83,52.61,1.19
116,Yaan,39,NG,1584796648,27,7.38,8.57,103.91,4.05
117,Chui,1,UY,1584796222,71,-33.7,-53.46,68.09,7.23
118,Merrill,1,US,1584796649,84,45.18,-89.68,16.0,4.34
119,São João da Barra,90,BR,1584796322,88,-21.64,-41.05,77.0,11.41
120,Provideniya,83,RU,1584796230,89,64.38,-173.3,5.27,5.5
121,Bethel,1,US,1584796221,55,41.37,-73.41,42.8,14.99
122,Saint-Augustin,100,CA,1584796650,78,51.23,-58.65,27.95,27.81
123,Mariinsk,100,RU,1584796651,84,56.21,87.75,34.25,4.16
124,Sechura,42,PE,1584796651,84,-5.56,-80.82,74.21,2.91
125,Broken Hill,94,AU,1584796651,30,-31.95,141.43,71.6,2.24
126,Saint Paul Harbor,90,US,1584796224,74,57.79,-152.41,35.6,2.39
127,New Norfolk,75,AU,1584796254,93,-42.78,147.06,54.0,8.05
128,Inverell,21,AU,1584796652,61,-29.78,151.12,64.99,1.01
129,Mayo,1,US,1584796653,57,38.89,-76.51,51.01,11.41
130,Lebu,99,CL,1584796248,96,-37.62,-73.65,54.59,4.9
131,Grindavik,75,IS,1584796653,62,63.84,-22.43,33.8,27.51
132,Urengoy,0,RU,1584796654,92,65.97,78.37,2.57,7.87
133,Alvarães,44,BR,1584796654,83,-3.22,-64.8,84.2,8.05
134,Humlebæk,0,DK,1584796655,38,55.96,12.53,46.0,13.87
135,Forsytheganj,81,BY,1584796384,43,52.63,29.73,46.49,8.72
136,Bereda,75,ES,1584796655,82,43.27,-7.54,64.99,5.82
137,Leningradskiy,0,RU,1584796318,83,69.38,178.42,-12.01,3.33
138,College,40,US,1584796233,74,64.86,-147.8,30.2,5.82
139,Nouakchott,2,MR,1584796565,18,18.09,-15.98,84.2,20.8
140,Tikhvin,69,RU,1584796657,42,59.65,33.53,31.91,7.54
141,San Cristobal,75,VE,1584796657,94,7.77,-72.22,73.4,4.7
142,Hobart,75,AU,1584796225,93,-42.88,147.33,54.0,8.05
143,Palana,100,RU,1584796381,84,59.12,159.97,20.39,6.89
144,Yamada,7,JP,1584796659,74,39.47,141.95,42.89,3.67
145,Nikolskoye,75,RU,1584796216,37,59.7,30.79,33.8,6.71
146,Bulgan,16,MN,1584796660,48,48.81,103.53,29.57,5.03
147,Abonnema,75,NG,1584796660,59,4.71,6.79,91.4,6.93
148,Marsh Harbour,33,BS,1584796235,72,26.54,-77.06,73.49,11.1
149,East London,20,ZA,1584796044,64,-33.02,27.91,73.4,13.87
150,Zabid,88,YE,1584796661,56,14.2,43.32,87.17,9.26
151,Nanortalik,48,GL,1584796204,59,60.14,-45.24,21.83,5.06
152,Redlands,1,US,1584796291,76,34.06,-117.18,55.4,2.28
153,Wuda,0,CN,1584796662,24,39.5,106.71,49.55,4.56
154,Voi,31,KE,1584796662,42,-3.39,38.56,86.27,8.48
155,Cabo San Lucas,20,MX,1584795940,71,22.89,-109.91,60.01,8.05
156,Chiang Khong,20,TH,1584796663,31,20.26,100.4,87.8,8.05
157,Longyearbyen,75,SJ,1584796230,78,78.22,15.64,14.0,13.87
158,Viranşehir,54,TR,1584796664,42,37.24,39.76,57.47,3.56
159,Atuona,2,PF,1584796223,75,-9.8,-139.03,82.13,8.79
160,Muros,40,ES,1584796664,77,42.78,-9.06,59.0,2.24
161,Catuday,17,PH,1584796665,81,16.29,119.81,80.87,7.63
162,Brest,90,BY,1584796424,69,52.1,23.7,39.2,15.66
163,Iqaluit,20,CA,1584796210,69,63.75,-68.51,-13.0,18.34
164,Cockburn Town,58,TC,1584796217,73,21.46,-71.14,74.75,22.7
165,Omaruru,19,NA,1584796666,33,-21.43,15.93,85.55,9.26
166,Baykit,90,RU,1584796666,94,61.67,96.37,21.83,2.21
167,Ndélé,45,CF,1584796254,15,8.41,20.65,108.77,2.55
168,Prince Rupert,40,CA,1584796667,93,54.32,-130.32,35.6,5.82
169,Lobito,40,AO,1584796667,62,-12.35,13.55,84.2,9.17
170,Menongue,87,AO,1584796668,61,-14.66,17.69,78.17,4.41
171,Antofagasta,75,CL,1584796668,82,-23.65,-70.4,66.2,1.12
172,Ilulissat,75,GL,1584796055,78,69.22,-51.1,15.8,2.24
173,Arinos,89,BR,1584796669,80,-15.92,-46.11,76.91,4.65
174,Castro,47,BR,1584796130,75,-24.79,-50.01,67.19,6.96
175,Saint Anthony,1,US,1584796250,53,45.02,-93.22,23.0,6.93
176,Port Elizabeth,0,ZA,1584796226,50,-33.92,25.57,77.0,12.75
177,Port Lincoln,91,AU,1584796244,75,-34.73,135.87,62.33,9.64
178,Faya,40,SA,1584796348,68,18.39,42.45,66.2,11.41
179,Caceres,93,ES,1584796671,75,39.52,-6.37,53.01,5.99
180,Galesong,40,ID,1584796392,100,-5.32,119.37,75.2,10.29
181,Russell,75,US,1584796273,72,32.35,-85.2,66.2,8.05
182,Fare,78,PF,1584796672,74,-16.7,-151.02,83.21,8.75
183,Dharmanagar,23,IN,1584796672,26,24.37,92.17,79.97,5.01
184,Butaritari,82,KI,1584796212,80,3.07,172.79,83.39,15.61
185,Coquimbo,90,CL,1584796673,77,-29.95,-71.34,60.8,3.36
186,Champasak,20,LA,1584796674,38,14.75,106.0,93.2,2.24
187,Abong Mbang,78,CM,1584796674,29,3.98,13.18,98.51,1.16
188,Puerto de la Cruz,75,ES,1584796674,62,28.41,-16.55,66.2,18.34
189,Nokaneng,3,BW,1584796675,34,-19.67,22.27,88.43,11.07
190,Kendrapara,20,IN,1584796675,78,20.5,86.42,75.2,13.82
191,Acapulco de Juárez,5,MX,1584796203,88,16.86,-99.89,75.2,2.82
192,Klaksvík,100,FO,1584796256,70,62.23,-6.59,42.8,26.4
193,Alaca,99,TR,1584796677,77,40.17,34.84,37.67,2.48
194,Cidreira,32,BR,1584796296,85,-30.18,-50.21,69.35,8.43
195,Alyangula,98,AU,1584796397,100,-13.85,136.42,77.0,1.12
196,Ust-Kuyga,11,RU,1584796678,97,70.02,135.6,-13.63,3.04
197,Meulaboh,58,ID,1584796209,66,4.14,96.13,85.55,4.68
198,Burnie,91,AU,1584796678,70,-41.07,145.92,55.0,1.99
199,Sittwe,19,MM,1584796679,78,20.15,92.9,78.35,11.01
200,Dikson,100,RU,1584796210,96,73.51,80.55,-3.55,6.6
201,Coyhaique,90,CL,1584796679,87,-45.58,-72.07,55.4,10.29
202,Yasnyy,98,RU,1584796680,82,51.03,59.87,31.37,21.36
203,Mar del Plata,0,AR,1584796255,100,-38.0,-57.56,72.0,6.93
204,Bilibino,41,RU,1584796269,84,68.05,166.44,-16.51,1.72
205,Carutapera,100,BR,1584796681,82,-1.2,-46.02,79.97,14.74
206,Katangli,100,RU,1584796681,92,51.71,143.23,20.03,12.17
207,Thompson,5,CA,1584796250,69,55.74,-97.86,-11.2,4.29
208,Villazón,92,BO,1584796682,77,-22.09,-65.59,48.47,4.63
209,Ugoofaaru,89,MV,1584796682,69,5.67,73.0,84.29,6.96
210,Sept-Îles,20,CA,1584796531,61,50.2,-66.38,17.01,17.22
211,Adana Province,0,TR,1584796680,28,36.98,35.29,71.6,3.36
212,Acajutla,19,SV,1584796684,88,13.59,-89.83,73.0,11.16
213,Wattegama,20,LK,1584796684,79,6.8,81.48,84.2,6.93
214,Obo,88,CF,1584796685,17,5.4,26.49,100.31,9.78
215,Saldanha,18,ZA,1584796216,47,-33.01,17.94,77.0,12.75
216,Yining,53,CN,1584796686,89,29.04,114.56,70.25,3.24
217,Ponta Delgada,75,PT,1584796335,71,37.73,-25.67,57.2,17.22
218,Płock,75,PL,1584796520,44,52.55,19.71,44.01,14.99
219,Margate,0,GB,1584796199,56,51.38,1.39,50.0,20.8
220,Vao,54,NC,1584796337,73,-22.67,167.48,77.99,19.57
221,Sisimiut,100,GL,1584796334,96,66.94,-53.67,1.85,1.36
222,Krasnosel'kup,82,RU,1584796688,89,65.7,82.47,7.07,10.16
223,Vaini,75,TO,1584796215,94,-21.2,-175.2,77.0,8.05
224,Grand Gaube,40,MU,1584796288,61,-20.01,57.66,82.4,6.93
225,Rome,90,US,1584796439,82,34.26,-85.16,62.6,8.05
226,Huarmey,79,PE,1584796689,75,-10.07,-78.15,70.43,3.44
227,Adrar,66,MR,1584796314,24,20.5,-10.07,77.09,12.48
228,Novikovo,100,RU,1584796690,46,51.15,37.89,45.41,3.8
229,Nau,20,TJ,1584796690,67,40.15,69.37,59.0,11.18
230,Gorontalo,100,ID,1584796691,91,0.54,123.06,76.01,5.03
231,Amahai,100,ID,1584796691,89,-3.33,128.92,79.25,8.21
232,Cap Malheureux,40,MU,1584796691,61,-19.98,57.61,82.4,4.7
233,Port-Cartier,20,CA,1584796391,61,50.03,-66.87,17.01,17.22
234,Opelousas,90,US,1584796692,93,30.53,-92.08,64.4,4.7
235,Mwene-Ditu,100,CD,1584796692,84,-7.0,23.45,78.53,6.87
236,Shāhpur,0,IN,1584796693,10,16.7,76.83,97.43,7.02
237,Kalianget,57,ID,1584796693,70,-7.05,113.93,81.77,1.23
238,Nome,90,US,1584796194,97,64.5,-165.41,28.0,10.29
239,Natal'insk,99,RU,1584796694,81,56.47,57.87,31.55,11.88
240,Guerrero Negro,73,MX,1584796267,76,27.98,-114.06,57.47,14.36
241,Hailar,0,CN,1584796695,69,49.2,119.7,15.35,9.22
242,High Level,40,CA,1584796695,93,58.52,-117.14,32.0,17.22
243,San Patricio,40,MX,1584796279,78,19.22,-104.7,77.0,11.14
244,São Filipe,6,CV,1584796288,79,14.9,-24.5,69.17,14.52
245,Takoradze,48,GH,1584796696,50,4.88,-1.76,93.11,6.73
246,Slave Lake,1,CA,1584796697,84,55.28,-114.77,8.6,4.7
247,Chimoré,75,BO,1584796697,95,-16.98,-65.13,72.05,1.12
248,Le Port,90,RE,1584796697,65,-20.94,55.29,80.6,14.99
249,Tierralta,29,CO,1584796698,89,8.17,-76.06,71.15,3.13
250,Ondjiva,40,AO,1584796698,58,-17.07,15.73,84.2,9.17
251,Jenjarom,40,MY,1584796699,94,2.88,101.5,79.0,4.32
252,Altay,0,CN,1584796699,56,47.87,88.12,26.69,3.67
253,Galveston,90,US,1584796699,77,29.37,-94.97,62.01,11.41
254,Bosaso,20,SO,1584796700,88,11.28,49.18,82.4,10.29
255,Jizan,20,SA,1584796700,62,17.33,42.67,87.8,12.75
256,Nouadhibou,0,MR,1584796276,47,20.93,-17.03,77.0,18.34
257,Los Llanos de Aridane,75,ES,1584796345,49,28.66,-17.92,68.0,9.17
258,Arni,8,IN,1584796701,51,12.67,79.28,87.17,17.96
259,Demirci,0,TR,1584796701,36,39.05,28.66,60.01,25.01
260,Erenhot,0,CN,1584796258,36,43.65,111.98,40.19,5.59
261,Kjøpsvik,75,NO,1584796702,69,68.1,16.37,35.01,26.4
262,Muş Province,40,TR,1584796703,61,39.0,41.75,48.2,9.17
263,Aklavik,90,CA,1584796703,100,68.22,-135.01,26.6,2.24
264,Suntar,90,RU,1584796704,90,62.14,117.63,18.95,5.61
265,Kumla,0,SE,1584796584,30,59.13,15.14,45.0,17.22
266,Iskateley,100,RU,1584796704,86,67.68,53.15,20.75,13.04
267,Teahupoo,75,PF,1584796705,78,-17.83,-149.27,80.6,10.71
268,Prainha,100,BR,1584796367,85,-1.8,-53.48,76.73,3.98
269,Borogontsy,0,RU,1584796706,91,62.67,131.17,10.67,5.12
270,Krasnyy Chikoy,69,RU,1584796207,87,50.36,108.75,21.83,3.11
271,Port Hardy,20,CA,1584796283,86,50.7,-127.42,39.2,6.93
272,Kankakee,90,US,1584796707,68,41.15,-87.87,28.99,10.29
273,Salalah,40,OM,1584796220,78,17.02,54.09,82.4,14.99
274,Scarborough,26,GB,1584796536,65,54.28,-0.4,48.99,14.99
275,Bonthe,93,SL,1584796708,51,7.53,-12.51,89.51,7.16
276,Canutama,97,BR,1584796708,89,-6.53,-64.38,75.47,4.14
277,Tasiilaq,20,GL,1584796260,73,65.61,-37.64,23.0,2.24
278,Boyolangu,100,ID,1584796709,91,-8.12,111.89,76.91,5.64
279,Marsá Maţrūḩ,40,EG,1584796259,51,31.35,27.25,62.6,8.05
280,Zhigansk,100,RU,1584796258,88,66.77,123.37,-2.83,13.53
281,Hualmay,98,PE,1584796283,83,-11.1,-77.61,69.53,1.54
282,Kiruna,50,SE,1584796147,53,67.86,20.23,26.6,11.41
283,Pangnirtung,16,CA,1584796319,89,66.15,-65.71,-14.71,2.77
284,Departamento de Maldonado,0,UY,1584796362,93,-34.67,-54.92,64.4,2.24
285,Lompoc,90,US,1584796213,100,34.64,-120.46,52.0,2.48
286,La Santisima Trinidad,75,BO,1584796712,88,-14.83,-64.9,77.0,2.62
287,Bereket,96,TM,1584796712,52,39.24,55.52,54.23,12.3
288,Ouésso,100,CG,1584796713,97,1.61,16.05,70.79,3.36
289,Byron Bay,41,AU,1584796133,78,-28.65,153.62,73.99,9.17
290,Benguela,40,AO,1584796713,62,-12.58,13.41,84.2,9.17
291,Hokitika,51,NZ,1584796714,79,-42.72,170.97,62.33,10.6
292,Chokurdakh,43,RU,1584796226,86,70.63,147.92,-8.95,4.05
293,Tilbury,0,GB,1584796714,31,51.46,0.36,52.0,23.04
294,Jacmel,0,HT,1584796715,61,18.23,-72.53,78.8,10.29
295,Jardim,52,BR,1584796458,75,-21.48,-56.14,71.15,1.25
296,Nieuw Amsterdam,40,SR,1584796716,74,5.88,-55.08,86.0,9.17
297,Mossamedes,43,AO,1584796199,80,-15.2,12.15,74.03,11.18
298,Beringovskiy,0,RU,1584796716,88,63.05,179.32,8.51,6.6
299,Richards Bay,100,ZA,1584796400,86,-28.78,32.04,76.55,14.25
300,Tahe,42,CN,1584796717,88,52.33,124.73,15.35,4.18
301,Labuhan,100,ID,1584796238,79,-6.88,112.21,77.81,1.83
302,Linxia Chengguanzhen,82,CN,1584796718,45,35.6,103.21,46.67,7.81
303,Lagoa,75,PT,1584796404,71,39.05,-27.98,54.77,22.79
304,Khilok,99,RU,1584796292,95,51.37,110.47,23.27,4.83
305,Sabang,22,ID,1584796719,64,5.89,95.32,84.11,10.58
306,Tiznit Province,92,MA,1584796347,59,29.58,-9.5,53.69,10.83
307,Astoria,90,US,1584796719,93,46.19,-123.83,48.0,3.36
308,Skibbereen,75,IE,1584796720,81,51.55,-9.27,42.8,19.46
309,Angoche,44,MZ,1584796720,68,-16.23,39.91,84.11,8.43
310,Mahabalipuram,0,IN,1584796721,74,12.63,80.17,86.0,9.17
311,Knysna,75,ZA,1584796721,73,-34.04,23.05,69.8,10.29
312,Namatanai,74,PG,1584796211,74,-3.67,152.43,84.47,5.03
313,Kokrajhar,38,IN,1584796722,28,26.4,90.27,81.95,5.57
314,West Wendover,40,US,1584796314,92,40.74,-114.07,30.2,4.7
315,Sukhaya Buyvola,40,RU,1584796722,40,45.15,43.0,53.6,6.71
316,Vila Franca do Campo,75,PT,1584796217,71,37.72,-25.43,57.2,17.22
317,Pauini,84,BR,1584796265,82,-7.71,-66.98,77.27,2.19
318,Dali,96,CN,1584796724,45,25.7,100.18,54.41,4.27
319,Lata,75,PT,1584796724,87,40.16,-8.33,59.0,9.17
320,Yabrūd,75,SY,1584796724,71,33.97,36.66,50.0,9.17
321,Norman Wells,90,CA,1584796208,74,65.28,-126.83,33.8,18.34
322,Port Hedland,40,AU,1584796725,74,-20.32,118.57,87.8,10.29
323,Vostok,59,RU,1584796319,95,46.49,135.88,18.77,3.36
324,Yangi Marg`ilon,100,UZ,1584796363,45,40.43,71.72,62.6,16.11
325,Show Low,1,US,1584796726,68,34.25,-110.03,35.6,2.37
326,Yunyang,85,CN,1584796727,62,33.45,112.71,66.83,1.63
327,Jalu,7,LY,1584796727,15,29.03,21.55,70.97,6.46
328,Boende,100,CD,1584796728,99,-0.22,20.87,70.43,5.37
329,Yumen,88,CN,1584796728,21,40.28,97.2,55.31,15.73
330,Assiut,0,EG,1584796728,42,27.18,31.18,66.2,11.41
331,Chabahar,100,IR,1584796729,55,25.29,60.64,78.35,5.66
332,Touba,100,CI,1584796729,54,8.28,-7.68,87.53,1.52
333,Bengkulu,100,ID,1584796195,81,-3.8,102.27,77.27,1.05
334,Manggar,100,ID,1584796730,66,-2.88,108.27,83.03,6.04
335,Wisconsin Rapids,1,US,1584796730,72,44.38,-89.82,21.99,4.05
336,Itacoatiara,50,BR,1584796731,86,-3.14,-58.44,78.53,3.33
337,Maniitsoq,98,GL,1584796195,80,65.42,-52.9,11.75,5.44
338,Ignacio Zaragoza,84,MX,1584796732,35,28.38,-107.22,46.67,4.74
339,Lüderitz,0,NA,1584796199,53,-26.65,15.16,77.0,24.16
340,Mount Isa,0,AU,1584796243,49,-20.73,139.5,71.6,10.0
341,Spirovo,100,RU,1584796733,45,57.42,34.98,30.65,8.88
342,Mahalapye,20,BW,1584796734,28,-23.1,26.81,87.17,11.39
343,Oodweyne,69,SO,1584796734,40,9.41,45.06,85.55,14.88
344,Airai,100,TL,1584796256,92,-8.93,125.41,67.01,2.93
345,Ayan,95,RU,1584796735,76,56.45,138.17,15.35,6.96
346,Boddam,75,GB,1584796626,68,57.47,-1.78,44.01,17.22
347,Kutum,48,SD,1584796234,7,14.2,24.67,89.33,9.84
348,Port Augusta,40,AU,1584796736,77,-32.5,137.77,66.2,13.87
349,Galway,75,IE,1584796441,86,53.27,-9.05,41.0,8.05
350,Harrison,75,US,1584796737,82,30.41,-89.04,66.2,6.93
351,Diffa,62,NE,1584796737,7,13.32,12.61,103.01,15.48
352,Severnyy,100,RU,1584796738,45,50.68,36.55,46.4,4.47
353,Narrabri,53,AU,1584796738,55,-30.32,149.78,71.01,6.93
354,Atikokan,95,CA,1584796738,87,48.76,-91.62,9.59,2.98
355,Bacungan,20,PH,1584796739,74,9.91,118.7,84.2,6.93
356,Kavieng,80,PG,1584796290,71,-2.57,150.8,84.83,5.97
357,Qui Nhon,54,VN,1584796194,92,13.77,109.23,71.51,3.85
358,Aquiraz,75,BR,1584796309,70,-3.9,-38.39,86.0,2.24
359,Kaitangata,75,NZ,1584796246,91,-46.28,169.85,54.0,10.31
360,Dalmeny,75,CA,1584796741,85,52.33,-106.77,12.2,5.82
361,Ulaanbaatar,1,MN,1584796595,54,47.91,106.88,30.2,2.24
362,Wamba,79,NG,1584796742,30,8.93,8.6,98.87,6.24
363,Buraidah,75,SA,1584796190,24,26.33,43.98,80.6,23.04
364,Oga,40,IT,1584796743,39,46.46,10.35,48.2,1.12
365,Inverness,20,GB,1584796563,49,57.48,-4.22,46.99,2.24
366,Safford,1,US,1584796743,87,32.83,-109.71,51.01,4.7
367,Ostrowiec Świętokrzyski,100,PL,1584796744,63,50.93,21.39,43.0,4.0
368,Kachug,100,RU,1584796744,81,53.96,105.88,27.41,5.5
369,Kansk,100,RU,1584796745,79,56.2,95.72,32.63,7.7
370,São Félix do Xingu,100,BR,1584796745,87,-6.64,-51.99,75.29,1.54
371,Bilma,74,NE,1584796323,6,18.69,12.92,99.23,10.45
372,Arrondissement de Chartres,90,FR,1584796683,81,48.42,1.5,48.2,16.11
373,Saint-Pierre,20,RE,1584796225,65,-21.34,55.48,80.6,23.04
374,Praia da Vitória,75,PT,1584796355,54,38.73,-27.07,57.2,24.9
375,Duluth,75,US,1584796598,72,46.78,-92.11,18.0,3.36
376,Çubuk,20,TR,1584796747,53,40.24,33.03,53.6,2.24
377,Longwy,75,FR,1584796748,80,49.52,5.77,45.0,18.34
378,Koutsouras,0,GR,1584796748,56,35.03,25.95,60.71,7.02
379,Sambava,51,MG,1584796298,71,-14.27,50.17,83.03,5.73
380,Havøysund,90,NO,1584796313,79,71.0,24.66,32.0,31.09
381,Mpika,74,ZM,1584796749,75,-11.83,31.45,74.93,8.55
382,Tessalit,16,ML,1584796206,8,20.2,1.01,89.51,11.7
383,Calabozo,10,VE,1584796750,65,8.92,-67.43,75.11,6.96
384,Velikooktyabr'skiy,100,RU,1584796750,44,57.43,33.82,30.47,8.93
385,Isangel,75,VU,1584796251,83,-19.55,169.27,78.8,15.66
386,Port-Gentil,20,GA,1584796227,62,-0.72,8.78,89.6,8.05
387,Treinta y Tres,0,UY,1584796751,51,-33.23,-54.38,70.25,5.44
388,Sørland,75,NO,1584796193,90,67.67,12.69,35.6,13.87
389,Cayenne,75,GF,1584796318,70,4.93,-52.33,84.2,12.75
390,Shingū,1,JP,1584796227,68,33.73,135.98,57.47,9.62
391,Walvis Bay,0,NA,1584796373,57,-22.96,14.51,75.2,8.05
392,Mikun',64,RU,1584796753,76,62.35,50.08,22.19,8.5
393,Pattaya,20,TH,1584796734,66,12.93,100.88,89.01,10.29
394,Barranca,34,PE,1584796753,88,-10.75,-77.77,72.95,9.57
395,Laas,20,IT,1584796266,32,46.62,10.7,68.0,2.24
396,Rangāpāra,43,IN,1584796754,58,26.82,92.65,64.85,5.77
397,Punta Gorda,1,US,1584796755,94,26.93,-82.05,73.0,4.7
398,Maragogi,7,BR,1584796755,75,-9.01,-35.22,81.23,7.94
399,Hofn,100,IS,1584796328,87,64.25,-15.21,41.81,40.33
400,Bathsheba,75,BB,1584796297,74,13.22,-59.52,78.8,18.34
401,Kumul,60,CN,1584796217,28,42.8,93.45,59.45,5.14
402,Novy Urengoy,0,RU,1584796756,94,66.08,76.63,0.05,8.63
403,Vardø,75,NO,1584796201,79,70.37,31.11,26.6,26.4
404,Annonay,9,FR,1584796757,42,45.24,4.67,66.2,2.24
405,The Valley,75,AI,1584796191,73,18.22,-63.06,75.2,14.99
406,Narsaq,75,GL,1584796228,31,60.92,-46.05,19.4,5.82
407,Calvinia,0,ZA,1584796758,10,-31.47,19.78,81.23,13.53
408,Atar,33,MR,1584796758,23,20.52,-13.05,78.17,12.71
409,Concarneau,99,FR,1584796759,81,47.88,-3.92,54.0,10.29
410,Silleda,40,ES,1584796759,77,42.7,-8.25,62.01,2.24
411,Nisibis,40,TR,1584796759,38,37.08,41.22,60.8,4.7
412,Ayorou,78,NE,1584796581,12,14.73,0.92,104.09,10.94
413,Point Pleasant,75,US,1584796760,52,40.08,-74.07,48.0,14.99
414,Pittsfield,90,US,1584796495,72,42.45,-73.25,39.2,13.87
415,Marsaxlokk,20,MT,1584796761,63,35.84,14.54,61.0,29.97
416,Morón,0,AR,1584796743,64,-34.65,-58.62,75.2,5.82
417,Alofi,80,NU,1584796264,94,-19.06,-169.92,77.0,5.86
418,Saskylakh,7,RU,1584796211,77,71.92,114.08,-6.61,10.58
419,Bairiki Village,20,KI,1584796300,74,1.33,172.98,82.4,9.17
420,Binghamton,90,US,1584796585,68,42.1,-75.92,30.0,12.75
421,Waipawa,93,NZ,1584796396,82,-41.41,175.52,64.4,31.09
422,Killybegs,40,IE,1584796763,70,54.63,-8.45,42.8,14.99
423,Solnechnyy,31,RU,1584796343,85,50.72,136.63,13.37,6.24
424,Pangkalanbuun,89,ID,1584796219,78,-2.68,111.62,79.61,1.79
425,Padang,100,ID,1584796238,93,-0.95,100.35,70.97,0.54
426,Asău,96,RO,1584796232,51,46.43,26.4,63.0,11.41
427,Tuatapere,98,NZ,1584796278,95,-46.13,167.68,51.01,1.01
428,Caborca,100,MX,1584796765,47,30.58,-111.1,54.59,4.65
429,Calvià,70,ES,1584796765,59,39.57,2.51,68.0,13.87
430,Tombouctou,26,ML,1584796766,10,20.0,-3.0,85.73,10.22
431,Destin,90,US,1584796766,94,30.39,-86.5,73.0,5.82
432,Bandarbeyla,2,SO,1584796271,77,9.49,50.81,83.21,10.4
433,Ruston,90,US,1584796767,93,32.52,-92.64,51.8,5.82
434,Pemangkat,50,ID,1584796767,84,1.17,108.97,79.79,5.28
435,Changji,0,CN,1584796767,37,44.02,87.32,53.6,4.47
436,Half Moon Bay,90,US,1584796768,81,37.46,-122.43,50.0,4.7
437,Abhā,40,SA,1584796526,68,18.22,42.51,66.2,11.41
438,Kurumkan,97,RU,1584796768,97,54.3,110.3,20.93,1.79
439,Grenville,75,GD,1584796769,78,12.12,-61.62,80.6,11.41
440,Nelson Bay,90,AU,1584796192,83,-32.72,152.15,71.01,5.82
441,Beisfjord,75,NO,1584796770,69,68.38,17.6,37.0,26.4
442,Pagudpud,40,PH,1584796770,88,18.56,120.79,80.6,2.24
443,Talnakh,40,RU,1584796327,84,69.49,88.4,8.6,24.61
444,Gumlā,84,IN,1584796771,65,23.05,84.55,69.17,7.74
445,Forrest City,90,US,1584796499,81,35.01,-90.79,43.0,11.41
446,Mehtar Lām,20,AF,1584796771,63,34.67,70.21,66.2,7.31
447,Raton,90,US,1584796772,86,36.9,-104.44,30.99,3.36
448,Shimoda,1,JP,1584796772,48,34.67,138.95,57.99,3.0
449,Hobyo,57,SO,1584796277,59,5.35,48.53,88.43,13.87
450,Rørvik,92,NO,1584796773,64,64.86,11.24,38.21,12.44
451,Olafsvik,54,IS,1584796311,60,64.89,-23.71,32.81,19.75
452,Te Anau,74,NZ,1584796348,84,-45.42,167.72,52.61,5.57
453,Vallenar,4,CL,1584796774,87,-28.57,-70.76,54.59,2.26
454,Lesnoy,100,RU,1584796774,81,57.62,63.08,32.63,10.56
455,Mizdah,15,LY,1584796775,16,31.45,12.98,82.31,18.59
456,Gatesville,75,US,1584796775,93,31.44,-97.74,45.0,5.82
457,Houlton,1,US,1584796776,35,46.13,-67.84,26.6,17.22
458,Mezen',77,RU,1584796776,69,65.85,44.24,25.79,9.71
459,São José dos Pinhais,90,BR,1584796777,82,-25.53,-49.21,69.01,6.93
460,Banjar,20,ID,1584796777,94,-8.19,114.97,82.4,8.05
461,Hamilton,90,US,1584796230,69,39.18,-84.53,35.01,12.75
462,Røros,65,NO,1584796778,73,62.57,11.38,32.0,8.05
463,Karasburg,17,NA,1584796778,13,-28.02,18.75,91.31,1.72
464,General Roca,100,AR,1584796778,45,-39.03,-67.58,64.4,5.82
465,Dekar,17,BW,1584796779,34,-21.53,21.93,85.19,9.17
466,Vila Velha,75,BR,1584796201,97,-20.33,-40.29,75.99,2.24
467,Ostrovnoy,99,RU,1584796397,93,68.05,39.51,21.47,22.86
468,Marzuq,27,YE,1584796218,28,14.4,46.47,89.87,20.45
469,Ketchikan,20,US,1584796123,86,55.34,-131.65,41.0,5.82
470,Honningsvåg,100,NO,1584796781,71,70.98,25.97,33.71,23.26
471,Jaru,100,BR,1584796781,98,-10.44,-62.47,71.69,1.14
472,Hambantota,20,LK,1584796782,79,6.12,81.12,84.2,6.93
473,Aripuanã,100,BR,1584796782,98,-9.17,-60.63,72.41,0.98
474,Tateyama,20,JP,1584796782,59,34.98,139.87,60.8,5.82
475,Tefé,60,BR,1584796246,94,-3.35,-64.71,78.8,3.36
476,Aquidauana,36,BR,1584796783,85,-20.47,-55.79,75.29,3.29
477,Kitimat,5,CA,1584796784,92,54.05,-128.65,30.2,5.82
478,Kavaratti,38,IN,1584796269,71,10.57,72.64,83.57,12.03
479,Oyo,68,NG,1584796784,40,7.85,3.93,95.45,6.55
480,Quelimane,40,MZ,1584796785,62,-17.88,36.89,86.0,10.29
481,Amapá,100,BR,1584796267,89,1.0,-52.0,75.47,3.18
482,Dongsheng,0,CN,1584796321,27,39.82,109.98,44.51,5.79
483,Baghdad,90,IQ,1584796185,55,33.34,44.4,62.6,27.51
484,Maningrida,100,AU,1584796786,76,-12.07,134.27,81.41,14.5
485,Arlit,9,NE,1584796752,6,18.74,7.39,101.03,12.59
486,Arkhara,96,RU,1584796787,87,49.42,130.08,25.07,6.35
487,Ohangaron,100,UZ,1584796788,58,40.91,69.64,59.0,4.7
488,Melfort,1,CA,1584796788,83,52.87,-104.62,-7.6,3.36
489,Campbell River,5,CA,1584796788,69,50.02,-125.24,39.2,8.05
490,Zhalantun,48,CN,1584796789,74,48.0,122.72,23.99,11.32
491,Limoeiro do Ajuru,100,BR,1584796789,97,-1.9,-49.38,74.21,0.81
492,Bairnsdale,73,AU,1584796789,84,-37.83,147.62,55.0,1.99
493,Baikunthpur,60,IN,1584796790,57,23.25,82.55,74.93,14.54
494,Oktyabr'skiy,86,RU,1584796790,87,54.48,53.47,33.71,8.5
495,Codrington,83,AU,1584796329,80,-38.27,141.97,59.63,14.32
496,Itacarambi,99,BR,1584796791,86,-15.1,-44.09,74.93,2.8
497,Bogatynia,100,PL,1584796791,74,50.91,14.96,39.99,8.99
498,Camacha,40,PT,1584796380,55,33.08,-16.33,62.6,17.22
499,Manokwari,100,ID,1584796280,85,-0.87,134.08,74.93,3.13
500,South Kazakhstan Region,5,KZ,1584796792,37,43.0,68.0,63.23,16.67
501,Aginskoye,90,RU,1584796793,49,51.1,114.53,26.69,3.06
502,Gisborne,100,NZ,1584796793,74,-38.65,178.0,63.0,7.0
503,Chimbote,65,PE,1584796683,72,-9.09,-78.58,73.67,0.67
504,Vilcún,40,CL,1584796794,87,-38.65,-72.23,55.4,10.29
505,Ialibu,100,PG,1584796758,97,-6.28,143.99,61.97,2.68
506,Viedma,26,AR,1584796265,26,-40.81,-63.0,73.13,13.42
507,Dhadar,0,IN,1584796795,15,28.33,75.06,90.77,7.87
508,Ponnampet,20,IN,1584796795,59,12.15,75.93,91.4,9.17
509,Columbus,90,US,1584796513,68,39.96,-83.0,33.01,10.29
510,Qasigiannguit,75,GL,1584796796,78,68.82,-51.19,12.2,5.82
511,Kieta,99,PG,1584796246,76,-6.22,155.63,82.67,4.56
512,Kimbe,69,PG,1584796796,92,-5.55,150.14,76.19,2.28
513,Naze,50,JP,1584796205,72,28.37,129.48,64.4,5.82
514,Fortuna,1,US,1584796312,93,40.6,-124.16,41.0,9.17
515,Sibolga,77,ID,1584796117,93,1.74,98.78,75.29,1.19
516,North Vanlaiphai,63,IN,1584796798,31,23.13,93.07,72.41,3.62
517,Koumac,38,NC,1584796798,88,-20.57,164.28,70.25,4.38
518,Camacupa,73,AO,1584796798,55,-12.02,17.48,81.23,3.02
519,Gaya,75,IN,1584796799,60,24.78,85.0,75.2,11.41
520,Touros,40,BR,1584796267,66,-5.2,-35.46,86.0,2.24
521,Amursk,40,RU,1584796799,85,50.23,136.9,18.23,2.42
522,Leshukonskoye,99,RU,1584796800,76,64.9,45.76,25.07,8.81
523,Batagay,100,RU,1584796368,86,67.63,134.63,11.21,4.63
524,Taoudenni,0,ML,1584796375,16,22.68,-3.98,84.65,8.21
525,Ambatofinandrahana,64,MG,1584796801,84,-20.55,46.8,70.25,6.51
526,Lixouri,0,GR,1584796801,42,38.2,20.43,68.0,4.7
527,Butterworth,20,MY,1584796802,70,5.4,100.36,86.0,3.36
528,Nhulunbuy,73,AU,1584796802,83,-12.23,136.77,78.8,4.7
529,Aljezur,20,PT,1584796802,58,37.32,-8.8,62.01,11.45
530,Kaeo,76,NZ,1584796803,92,-35.1,173.78,59.0,1.01
531,Nekā,90,IR,1584796803,71,36.65,53.3,53.6,11.41
532,Rawson,57,AR,1584795926,41,-43.3,-65.1,68.99,21.68
533,Merke,100,KZ,1584796804,67,42.87,73.18,55.49,8.84
534,Bubaque,69,GW,1584796804,39,11.28,-15.83,81.23,4.65
535,Mandera,22,KE,1584796787,6,3.94,41.87,97.0,1.99
536,Cleburne,75,US,1584796579,86,32.35,-97.39,43.0,8.05
537,Matara,99,LK,1584796805,67,5.95,80.54,82.49,6.55
538,Tegul'det,100,RU,1584796806,98,57.31,88.17,32.63,8.05
539,Ishinomaki,20,JP,1584796806,35,38.42,141.3,55.4,12.75
540,Olinda,40,BR,1584796806,58,-8.01,-34.86,87.8,4.7
541,Kandrian,100,PG,1584796807,92,-6.22,149.55,76.37,1.45
542,Camocim,100,BR,1584796807,85,-2.9,-40.84,82.49,1.48
543,Erzin,20,TR,1584796364,39,36.96,36.2,71.6,12.75
544,Malbork,40,PL,1584796808,48,54.04,19.03,41.0,14.99
545,Fairbanks,40,US,1584796235,74,64.84,-147.72,28.4,5.82
546,Hanna,59,CA,1584796544,80,51.63,-111.9,14.81,3.51
547,Atyrau,26,KZ,1584796716,57,47.12,51.88,48.2,17.9
548,Broome,90,US,1584796245,68,42.25,-75.83,28.99,12.75
549,Arica,90,CL,1584796809,73,-18.48,-70.3,75.2,2.24
550,Pailón,75,BO,1584796810,69,-17.65,-62.75,78.8,2.24
551,Bara,0,NG,1584796810,5,10.37,10.73,103.01,3.0
552,Siguiri,20,GN,1584796810,11,11.67,-9.5,100.13,8.16
553,Cañon City,1,US,1584796811,68,38.44,-105.24,30.0,6.93
554,Paranaíba,83,BR,1584796811,88,-19.68,-51.19,76.37,3.0
555,Baharly,82,TM,1584796812,44,38.44,57.43,61.79,4.83
556,Iquitos,60,PE,1584796812,88,-3.75,-73.25,80.6,2.24
557,Sydney,75,AU,1584796813,73,-33.87,151.21,71.6,1.97
558,Turka,100,UA,1584796813,85,49.15,23.03,37.0,10.36
559,Rocha,0,UY,1584796286,54,-34.48,-54.33,70.97,4.99
560,Shenjiamen,83,CN,1584796357,91,29.96,122.3,58.37,19.39
561,Goderich,32,CA,1584796115,76,43.75,-81.72,21.99,5.01
562,Tanete,41,ID,1584796814,90,-3.94,119.78,76.19,3.13
563,Yuanping,67,CN,1584796815,20,38.72,112.76,52.61,3.04
564,Itoman,75,JP,1584796815,88,26.12,127.67,71.6,11.41
565,Ilhabela,93,BR,1584796815,83,-23.78,-45.36,75.29,8.84
566,Comodoro Rivadavia,99,AR,1584796774,49,-45.87,-67.5,68.0,20.8
567,Moche,75,PE,1584796816,83,-8.17,-79.01,73.4,2.24
568,Magadan,100,RU,1584796817,66,59.57,150.8,15.17,17.85
569,Eureka,1,US,1584796817,93,40.8,-124.16,39.99,10.29
570,Les Cayes,11,HT,1584796358,75,18.2,-73.75,77.27,6.8
571,Manado,20,ID,1584796818,94,1.49,124.85,78.8,2.24
